{
  "nwrmsle": 0.5047631895775322,
  "wmape": 0.4437792198610168
}